﻿"Nome completo","Endereço de email",Data,"Por favor, informe seu gênero:","Você possui computador portátil? (laptop/notebook)","Qual a sua faixa de idade:","Caso tenha laptop, qual o sistema operacional utilizado no mesmo?","Qual o fabricante do seu laptop?"
"Tércio Borges Ribeiro",terciobr05@hotmail.com,"Monday, 6 Apr 2020, 15:03",Masculino,1.Sim,"Entre 22 e 24 anos",1.Windows,DELL
"Samanta Bueno de Camargo Campana",samanta.b.campana@unesp.br,"Tuesday, 7 Apr 2020, 00:28",Feminino,1.Sim,"Entre 35 e 39 anos",1.Windows,Dell
"Aristides Miltom Cafe Neto",amcneto@gmail.com,"Monday, 6 Apr 2020, 21:55",Masculino,1.Sim,"Entre 45 e 54 anos",1.Windows,"Lenovo - modelo ThinkPad T440s"
"Edriano Campana",edriano.campana@unesp.br,"Tuesday, 7 Apr 2020, 00:23",Masculino,1.Sim,"Entre 40 e 49 anos",1.Windows,Dell
"Felipe Rodolfo Domingues da Silva",feliperdomingues@gmail.com,"Monday, 6 Apr 2020, 15:04",Masculino,1.Sim,"Entre 25 e 29 anos",2.MacOS,Apple
"Emerson Carlos Sarti Ferrasi",emerson.ferrasi@gmail.com,"Monday, 13 Apr 2020, 19:54",Masculino,1.Sim,"Entre 45 e 54 anos",1.Windows,Dell
"Antonio Henrique Garcia Vieira",antoniohgvieira@gmail.com,"Monday, 6 Apr 2020, 15:03",Masculino,1.Sim,"Entre 30 e 34 anos",1.Windows,Lenovo
"Thiers Gomes da Silva",thiers.gomes@unesp.br,"Friday, 10 Apr 2020, 15:01",Masculino,1.Sim,"Entre 50 e 59 anos",1.Windows,Samsung
"CARINA CRISTINA NASCIMENTO",cnascimento.fib@gmail.com,"Monday, 13 Apr 2020, 09:51",Feminino,1.Sim,"Entre 35 e 39 anos",1.Windows,Samsung
"Alexandre Nicolas",alenic@gmail.com,"Monday, 6 Apr 2020, 15:04",Masculino,1.Sim,"Entre 40 e 49 anos",1.Windows,SAMSUNG
"Alciano Oliveira",alciano.oliveira@unesp.br,"Saturday, 11 Apr 2020, 11:40",Masculino,1.Sim,"Entre 40 e 49 anos",1.Windows,Dell
"Uemerson Pinheiro Junior",uemersonpinheirojunior@gmail.com,"Monday, 6 Apr 2020, 15:09",Masculino,1.Sim,"Entre 18 e 21 anos",3.Linux,LeNovo
"Danielli Santos da Silva",daniellivi@gmail.com,"Monday, 6 Apr 2020, 15:13",Feminino,1.Sim,"Entre 35 e 39 anos",1.Windows,acer
"Carla Távora",carlag.tavora@hotmail.com,"Monday, 6 Apr 2020, 14:27",Feminino,1.Sim,"Entre 22 e 24 anos",1.Windows,hp
